<?xml version="1.0" encoding="UTF-8"?>
<mappings xmlns="http://dozer.sourceforge.net"
	xmlns:xsi="http://www.w3.org/2001/XMLSchema-instance"
	xsi:schemaLocation="http://dozer.sourceforge.net
      http://dozer.sourceforge.net/schema/beanmapping.xsd">
	<mapping map-id="contact-mapper" type="one-way">
		<class-a>com.creativetech.demo.model.Contact</class-a>
		<class-b>com.creativetech.demo.vo.ContactVo</class-b>
		<field>
			<a>id</a>
			<b>id</b>
		</field>
		<field>
			<a>name</a>
			<b>name</b>
		</field>
		<field>
			<a>email</a>
			<b>email</b>
		</field>
		<field>
			<a>phoneNumber</a>
			<b>phone</b>
		</field>
		<field custom-converter="com.creativetech.demo.converter.AdressToStringConverter">
			<a>adress</a>
			<b>adress</b>
		</field>
	</mapping>
</mappings>
