<?xml version="1.0" encoding="UTF-8"?>
<adressBook>
	<entry id="1">
		<name>Creative Tech</name>
		<phone>+33600000000</phone>
		<email>creative.tech@devoteam.com</email>
		<adress>
			<line1>line 1</line1>
			<line2>line 2</line2>
			<line3>line 3</line3>
			<zip>75000</zip>
			<state>Paris</state>
			<country>France</country>
		</adress>
	</entry>
	<entry id="2">
		<name>Creative Tech 1</name>
		<phone>+33600000000</phone>
		<email>creative.tech1@devoteam.com</email>
		<adress>
			<line1>line 1</line1>
			<line2>line 2</line2>
			<line3>line 3</line3>
			<zip>75000</zip>
			<state>Paris</state>
			<country>France</country>
		</adress>
	</entry>
	<entry id="3">
		<name>Creative Tech 2</name>
		<phone>+33600000000</phone>
		<email>creative.tech2@devoteam.com</email>
		<adress>
			<line1>line 1</line1>
			<line2>line 2</line2>
			<line3>line 3</line3>
			<zip>75000</zip>
			<state>Paris</state>
			<country>France</country>
		</adress>
	</entry>
	<entry id="4">
		<name>Creative Tech 3</name>
		<phone>+33600000000</phone>
		<email>creative.tech3@devoteam.com</email>
		<adress>
			<line1>line 1</line1>
			<line2>line 2</line2>
			<line3>line 3</line3>
			<zip>75000</zip>
			<state>Paris</state>
			<country>France</country>
		</adress>
	</entry>
	<entry id="5">
		<name>Creative Tech 4</name>
		<phone>+33600000000</phone>
		<email>creative.tech4@devoteam.com</email>
		<adress>
			<line1>line 1</line1>
			<line2>line 2</line2>
			<line3>line 3</line3>
			<zip>75000</zip>
			<state>Paris</state>
			<country>France</country>
		</adress>
	</entry>
</adressBook>