<?xml version="1.0" encoding="UTF-8"?>
<entity-mappings xmlns:xsi="http://www.w3.org/2001/XMLSchema-instance"
				 version="2.0"
				 xmlns="http://java.sun.com/xml/ns/persistence/orm"
				 xsi:schemaLocation="http://java.sun.com/xml/ns/persistence/orm http://java.sun.com/xml/ns/persistence/orm_2_0.xsd">

	<package>entity</package>

	<mapped-superclass
			class="fr.training.samples.domain.common.entity.AbstractBaseEntity">
		<attributes>
			<id name="id"/>
			<version name="version"/>
		</attributes>
	</mapped-superclass>

	<entity
			class="fr.training.samples.domain.customer.entity.CustomerEntity"
			access="FIELD">
		<table name="CUSTOMER"/>
		<attributes>
			<embedded name="customerVO">
			</embedded>
		</attributes>
	</entity>
	<entity
			class="fr.training.samples.domain.order.entity.OrderEntity"
			access="FIELD">
		<table name="ORDERS"/>
		<attributes>
			<many-to-one name="customer" fetch="LAZY">
				<join-column name="CUSTOMER_ID"/>
			</many-to-one>
			<many-to-many name="items" fetch="LAZY" mapped-by="orders"/>
		</attributes>
	</entity>
	<entity
			class="fr.training.samples.domain.item.entity.ItemEntity"
			access="FIELD">
		<table name="ITEM"/>
		<attributes>
			<many-to-many name="orders" fetch="LAZY">
				<join-table name="ITEM_ORDERS">
					<join-column name="ITEMS_ID"/>
					<inverse-join-column name="ORDERS_ID"/>
				</join-table>
			</many-to-many>

			<embedded name="itemVO">
			</embedded>
		</attributes>
	</entity>

</entity-mappings>
